{
  "assetsByChunkName": {
    "vendors~app-account~app-confirmation~app-order": "chunk.de23a5ceca6abf3f8745.js",
    "vendors~app-account~app-checkout": "chunk.c118f68b48679bc5fe8b.js",
    "vendors~app-cart~app-checkout": "chunk.8560c7b9046e02d59d2d.js",
    "admin": [
      "admin.0a96229eb2c019085b34.js",
      "admin.0a96229eb2c019085b34.js.map"
    ],
    "app-account": "chunk.b4bcc2a45ee5742da8f5.js",
    "app-cart": "chunk.8ba8304f5d93ecf490d5.js",
    "app-checkout": "chunk.5196f0e8ec784e3a4066.js",
    "app-confirmation": "chunk.f95809326f41324f6c8e.js",
    "app-order": "chunk.c6711d55db86afb3c257.js",
    "checkout": [
      "checkout.c7792c445414ecbec886.js",
      "checkout.c7792c445414ecbec886.js.map"
    ],
    "storefront": [
      "storefront.a14aecd7538efb3fc8f0.css",
      "storefront.2222f2d8504aee9ff9aa.js",
      "storefront.a14aecd7538efb3fc8f0.css.map",
      "storefront.2222f2d8504aee9ff9aa.js.map"
    ],
    "vendors~app-cart": "chunk.c75d2b613d35829ca3be.js",
    "vendors~app-checkout": "chunk.bffc809a017c3dbc262f.js"
  }
}