{
  "description": {
    "title": "",
    "text": ""
  },
  "links_1": {
    "list_pages": true,
    "title": "Institucional",
    "list": []
  },
  "links_2": {
    "list_categories": false,
    "title": "Precisa de Ajuda?",
    "list": [
      {
        "text": "Por que Blow Gummies?"
      },
      {
        "text": "Composição",
        "url": "https://blow-hair.netlify.app/pages/ingredientes-que-contem-blow-gummies"
      },
      {
        "text": "Resultados Reais",
        "url": "https://blow-hair.netlify.app/pages/resultados-reais-blow-gummies"
      },
      {
        "text": "Dúvidas Frequentes",
        "url": "https://blow-hair.netlify.app/pages/duvidas-frequentes"
      },
      {
        "text": "Trocas e Devoluções",
        "url": "https://blow-hair.netlify.app/pages/trocas"
      }
    ]
  },
  "contacts": {
    "title": "Contatos",
    "phone_wpp": true,
    "socials": true,
    "email": true,
    "address": true
  },
  "stamps": [
    {
      "src": "/img/uploads/ssl-safe.png",
      "alt": "Secure connection"
    }
  ],
  "payment_methods": {
    "bb": false,
    "visa": true,
    "boleto": true,
    "aura": false,
    "banrisul": false,
    "elo": true,
    "hipercard": true,
    "hsbc": false,
    "bradesco": false,
    "santander": false,
    "mastercard": true,
    "paypal": false,
    "citibank": false,
    "mais": false,
    "itau": true
  },
  "credits": "® 2021. Blow Suplementos Alimentares -  CNPJ 14.900.786/0001-08 - Todos os direitos reservados. É vetada a reprodução, total ou parcial das fotos e informações aqui veiculadas, sem a expressa autorização da administração do site."
}