{
  "marketing_stripe": {
    "text": "",
    "link": ""
  },
  "contacts_stripe": {
    "phone_wpp": false,
    "socials": true,
    "pages": [
      {
        "title": "Comprar",
        "link": "https://blow-hair.netlify.app/compre-agora/"
      },
      {
        "title": "Por que Blow Gummies?",
        "link": "https://blow-hair.netlify.app/pages/por-que-blow-gummies"
      },
      {
        "title": "Composição",
        "link": "https://blow-hair.netlify.app/pages/ingredientes-que-contem-blow-gummies"
      },
      {
        "title": "Resultados Reais",
        "link": "https://blow-hair.netlify.app/pages/resultados-reais-blow-gummies"
      },
      {
        "title": "Contato",
        "link": "https://blow-hair.netlify.app/pages/contato"
      }
    ]
  },
  "categories_list": {
    "featured": [],
    "random": 6,
    "full_width": false
  },
  "search_input": false
}