{
  "meta_title": "Blow Gummies Crescimento Capilar Acelerado.",
  "meta_description": "Blow Gummies Crescimento Capilar Acelerado. Blow Gummies é a Mais Concentrada, Uma Só Por Dia.",
  "sections": [
    {
      "type": "banner-slider",
      "autoplay": 9000,
      "slides": [
        {
          "start": "2021-06-07T15:58:15.083Z",
          "end": "",
          "img": "/img/uploads/banner-site-campanha-semana-da-independencia.png",
          "mobile_img": "/img/uploads/banner-mobile-campanha-semana-da-independencia-frete.png",
          "link": "https://blow-hair.netlify.app/compre-agora",
          "alt": "Compre Blow Gummies"
        }
      ]
    },
    {
      "type": "dynamic-showcase",
      "load_more": false,
      "sort": "sales"
    },
    {
      "type": "custom-html",
      "html": "<div class=\"bg-home\"></div>"
    },
    {
      "type": "custom-html",
      "html": "<div class=\"box-gumm-mob\"><a href=\"https://blow-hair.netlify.app/blow-gummies-240-dias-tratamento-4-sabores\"><img src=\"/img/uploads/blow-vendidos.png\"></a></div>\n\n<div class=\"box-bg-gummie\"><div class=\"text-gummie\"><div class=\"oque-sao\"><h2>O que são as</h2><div class=\"title-blow\"></div></div><div class=\"text-sobre\">A Blow Gummies é um suplemento alimentar em goma com formato de ursinho, fácil e divertido de ingerir, não é o máximo?! Além de ter um gostinho IN-CRÍ-VEL, com 4 sabores diferentes, é rico com 12 vitaminas e minerais que ajudam no crescimento e fortalecimento dos seus cabelos e unhas. Por fortalecer os fios, auxilia também no processo de queda de cabelo, tudo do jeitinho que a gente ama!! E você acha que acabou por aqui? Nada disso mana, fica ainda melhor! A Blow Gummies proporciona mais brilho aos seus cabelos e suas unhas nascem mais fortes. Tudo isso dentro de um potinho com 60 gominhas que é equivalente a 60 dias de tratamento, não tem como não se apaixonar!</div></div></div>"
    },
    {
      "type": "custom-html",
      "html": "<div class=\"box-bg-porque\"><div class=\"title-box\"><div class=\"title\"><h2>Porquê </h2></div><div class=\"title-blow\"></div></div><div class=\"text-porque\"><div class=\"box-gummie item1\">Divertida de Mastigar</div><div class=\"box-gummie item2\">Sabores Incríveis</div><div class=\"box-gummie item3\">Produto Cruelty Free</div><div class=\"box-gummie item4\">Feitos com Pectina</div><div class=\"box-gummie item5\">Tratamento de 60 dias</div></div></div>"
    },
    {
      "type": "carousel-influencers",
      "autoplay": 5000,
      "banners": [
        {
          "img": "/img/uploads/famoso1.png",
          "alt": "Gabi Busnello",
          "link": "/"
        },
        {
          "img": "/img/uploads/bruna-griphao.png",
          "alt": "Bruna Griphao",
          "link": "/"
        },
        {
          "img": "/img/uploads/barbara-evans.png",
          "alt": "Bárbara Evans",
          "link": "/"
        },
        {
          "img": "/img/uploads/bia-sequeira.png",
          "alt": "Bia Siqueira",
          "link": "/"
        },
        {
          "img": "/img/uploads/barbara-evans.png",
          "alt": "Bárbara Evans",
          "link": "/"
        },
        {
          "img": "/img/uploads/bia-sequeira.png",
          "alt": "Bia Siqueira",
          "link": "/"
        }
      ]
    },
    {
      "type": "grid-op",
      "banners": [
        {
          "img": "/img/uploads/3.png"
        },
        {
          "img": "/img/uploads/3.png"
        },
        {
          "img": "/img/uploads/3.png"
        },
        {
          "img": "/img/uploads/3.png"
        },
        {
          "img": "/img/uploads/3.png"
        }
      ],
      "autoplay": 5000,
      "html": "<h2>O que falam<span>sobre as</span></h2>"
    },
    {
      "type": "resultados",
      "html": "<div class=\"box-bg-resultados\">\n  <div class=\"title-box\">\n    <div class=\"title\"><h2>É possivel notar<span>resultados usando as</span></h2></div>\n    <div class=\"title-blow\"></div>\n  </div>\n  <div class=\"resultados\"><!-- LightWidget WIDGET --><script src=\"https://cdn.lightwidget.com/widgets/lightwidget.js\"></script><iframe src=\"https://cdn.lightwidget.com/widgets/fb99c0232e5c54aa8aad124cb00246b8.html\" scrolling=\"no\" allowtransparency=\"true\" class=\"lightwidget-widget\" style=\"width:100%;border:0;overflow:hidden;\"></iframe></div>\n</div>"
    },
    {
      "type": "famosos",
      "html": "<div class=\"eu-quero\">\n  <div class=\"title-box\">\n    <a href=\"https://blow-hair.netlify.app/compre-agora/\">\n    <div class=\"title\"><h2>Agora eu<span>queroooo!</span></h2></div>\n    <div class=\"title-blow-comprar\"></div>\n    </a>\n  </div>\n</div>"
    },
    {
      "type": "falam",
      "html": "<div class=\"instafeed-footer\">\n  <!-- LightWidget WIDGET --><script src=\"https://cdn.lightwidget.com/widgets/lightwidget.js\"></script><iframe src=\"https://cdn.lightwidget.com/widgets/ef70a8b393a358f88c0679e84a75a20d.html\" scrolling=\"no\" allowtransparency=\"true\" class=\"lightwidget-widget\" style=\"width:100%;border:0;overflow:hidden;\"></iframe>\n</div>"
    }
  ]
}